first,last
Absorbing,Man
Adam,Destine
Adam,Warlock
Agent,Brand
Agent,X
Agent,Zero
Albert,Cleary
Alex,Power
Alex,Wilder
Alexa,Mendez
Alexander,Pierce
Alicia,Masters
Alpha,Flight
Alpha,Flight
Alvin,Maker
Amadeus,Cho
Amanda,Sefton
American,Eagle
Ancient,One
Ancient,One
Anita,Blake
Arnim,Zola
Baron,Strucker
Baron,Zemo
Baron,Zemo
Baroness,S'Bak
Bart,Rozum
Battering,Ram
Ben,Grimm
Ben,Parker
Ben,Reilly
Ben,Urich
Beta-Ray,Bill
Betty,Brant
Betty,Ross
Big,Bertha
Big,Wheel
Bill,Hollister
Black,Bird
Black,Bolt
Black,Bolt
Black,Cat
Black,Cat
Black,Crow
Black,Knight
Black,Panther
Black,Panther
Black,Queen
Black,Tarantula
Black,Tom
Black,Widow
Black,Widow
Black,Widow
Blazing,Skull
Blonde,Phantom
Blue,Blade
Blue,Marvel
Blue,Shield
Boom,Boom
Brother,Voodoo
Bruce,Banner
Cap'n,Oz
Captain,America
Captain,America
Captain,America
Captain,America
Captain,America
Captain,America
Captain,Britain
Captain,Britain
Captain,Cross
Captain,Flint
Captain,Marvel
Captain,Marvel
Captain,Marvel
Captain,Marvel
Captain,Marvel
Captain,Midlands
Captain,Stacy
Captain,Universe
Carlie,Cooper
Carmella,Unuscione
Carol,Danvers
Carol,Hines
Cassandra,Nova
Cecilia,Reyes
Charles,Xavier
Charlie,Campion
Chase,Stein
Chores,MacGillicudy
Christian,Walker
Clint,Barton
Cobalt,Man
Colleen,Wing
Colonel,America
Count,Nefaria
Crimson,Crusader
Crimson,Dynamo
Crimson,Dynamo
Crimson,King
Crusher,Hogan
Crusher,Hogan
Curt,Conners
Daily,Bugle
Daimon,Hellstrom
Dakota,North
Damage,Control
Dani,Moonstar
Danny,Rand
Dargo,Ktor
Dark,Avengers
Dark,Beast
Dark,Phoenix
Dark,X-Men
Deacon,Frost
Dead,Girl
Debra,Whitman
Deena,Pilgrim
Detective,Soap
Devil,Dinosaur
Devil,Dinosaur
Dexter,Bennett
Dinah,Soar
Dirk,Anger
D'Ken,Neramani
Doc,Samson
Doctor,Doom
Doctor,Doom
Doctor,Faustus
Doctor,Octopus
Doctor,Octopus
Doctor,Spectrum
Doctor,Strange
Doctor,Strange
Donald,Blake
Doomsday,Man
Dorian,Gray
Dr.,Strange
Dragon,Lord
Dragon,Man
Dreaming,Celestial
Eddie,Brock
Eddie,Lau
Edwin,Jarvis
Elloe,Kaifi
Elsa,Bloodstone
Emma,Frost
Ender,Wiggin
Ezekiel,Stane
Fabian,Cortez
Falcon/Sam,Wilson
Fallen,One
Fantastic,Four
Fantastic,Four
Fantastick,Four
Fat,Cobra
Felicia,Hardy
Flying,Dutchman
Foggy,Nelson
Force,Works
Forgotten,One
Frank,Castle
Frankenstein's,Monster
Franklin,Richards
Franklin,Storm
Frightful,Four
Frog,Thor
Gabe,Jones
Gamma,Corps
Garrison,Kane
Gene,Sailors
Generation,X
George,Stacy
Gertrude,Yorkes
Ghost,Rider
Ghost,Rider
Ghost,Rider
Giant,Girl
Giant,Man
Git,Hoskins
Glenn,Talbot
Goblin,Queen
Golden,Guardian
Gorilla,Man
Green,Goblin
Green,Goblin
Green,Goblin
Grey,Gargoyle
Grim,Reaper
GW,Bridge
Gwen,Stacy
Gwen,Stacy
Hank,Pym
Hannibal,King
Happy,Hogan
Harry,Heck
Harry,Osborn
Harry,Osborn
Hawkeye/Clint,Barton
Hedge,Knight
Hellfire,Club
Hellfire,Club
High,Evolutionary
Hindsight,Lad
Hitomi,Sakuma
Hope,Summers
Howard,Saint
Hulk/Bruce,Banner
Human,Cannonball
Human,Fly
Human,Robot
Human,Torch
Human,Torch
Human,Torch
Ilyana,Rasputin
Imperial,Guard
Impossible,Man
Infant,Terrible
Invisible,Woman
Invisible,Woman
Invisible,Woman
Iron,Fist
Iron,Fist
Iron,Fist
Iron,Fist
Iron,Fist
Iron,Fist
Iron,Lad
Iron,Man
Iron,Man
Iron,Man
Iron,Man
Iron,Man
Iron,Man
Iron,Monger
Iron,Patriot
Iron,Patriot
Jack,Flag
Jack,Murdock
Jack,Power
James,Howlett
Jamie,Braddock
Jane,Foster
Jasper,Sitwell
Jean,Grey
Jean,Grey
Jean,Grey
Jennifer,Smith
Jeryn,Hogarth
Jessica,Drew
Jessica,Jones
Jimmy,Woo
John,Farson
John,Jameson
John,Porter
John,Wraith
Johnny,Blaze
Johnny,Storm
Joshua,Kane
Josiah,X
Jule,Carpenter
Julian,Keller
Justin,Hammer
Karen,O'Malley
Karen,Page
Karolina,Dean
Kat,Farrell
Kate,Bishop
Katie,Power
Ken,Ellis
Kid,Colt
Killer,Shrike
King,Bedlam
King,Cobra
Kinsey,Walden
Kitty,Pryde
Kitty,Pryde
Krista,Starr
Kulan,Gath
La,Nuit
Lady,Bullseye
Lady,Deathstrike
Lady,Mastermind
Lady,Ursula
Lady,Vermin
Layla,Miller
Lei,Kung
Lenny,Balinger
Leper,Queen
Lethal,Legion
Lila,Cheney
Lily,Hollister
Living,Lightning
Living,Mummy
Living,Tribunal
Liz,Osborn
Lord,Hawal
Lord,Tyger
Lorna,Dane
Lucky,Pierre
Luke,Cage
Ma,Gnuci
Mac,Gargan
Mach,IV
Machine,Man
Mad,Thinker
Madame,Hydra
Madame,Masque
Madame,Web
Madelyne,Pryor
Major,Mapleleaf
Malcolm,Colcord
Maria,Hill
Mariko,Yashida
Marten,Broadcloak
Martin,Li
Marvel,Apes
Marvel,Boy
Marvel,Zombies
Masked,Marvel
Master,Chief
Master,Mold
Matsu'o,Tsurayaba
Matthew,Murdock
Mattie,Franklin
May,Parker
Metal,Master
Mikhail,Rasputin
Millenium,Guard
Miss,America
Mister,Fear
Mister,Sinister
Mister,Sinister
Mister,Sinister
Mister,Sinister
Misty,Knight
Moira,MacTaggert
Moira,MacTaggert
Mole,Man
Molecule,Man
Molly,Hayes
Molten,Man
Monster,Badoon
Moon,Girl
Moon,Knight
Moon,Knight
Moon,Knight
Morgan,Stark
Mother,Askani
Mr.,Bumpo
Mr.,Fantastic
Mr.,Fantastic
Mr.,Fish
Mr.,Fixit
Mr.,Hyde
Mr.,Immortal
Mr.,Meugniot
Mr.,Negative
Mr.,Payback
Mr.,X
Ms.,Marvel
Mulholland,Black
Multiple,Man
Natasha,Romanoff
New,Goblin
New,Mutants
New,Warriors
New,X-Men
Newton,Destine
Next,Avengers
Nick,Fury
Nick,Fury
Nick,Fury
Nico,Minoru
Night,Nurse
Night,Thrasher
Night,Thrasher
Norman,Osborn
Norrin,Radd
Obadiah,Stane
Old,Lace
Omega,Flight
Omega,Red
Omega,Sentinel
Otto,Octavius
Outlaw,Kid
Paper,Doll
Pepper,Potts
Pet,Avengers
Pete,Wisdom
Peter,Parker
Peter,Quill
Phantom,Reporter
Phil,Coulson
Phil,Sheldon
Power,Man
Power,Pack
Pretty,Boy
Princess,Powerful
Proemial,Gods
Professor,Monster
Professor,X
Professor,X
Puff,Adder
Puppet,Master
Purple,Man
Queen,Noir
Quentin,Quire
Rachel,Grey
Radioactive,Man
Rafael,Vega
Randall,Flagg
Rawhide,Kid
Red,Ghost
Red,Ghost
Red,Hulk
Red,Hulk
Red,She-Hulk
Red,Shift
Red,Skull
Red,Skull
Red,Wolf
Retro,Girl
Richard,Fisk
Rick,Jones
Rick,Jones
Robbie,Robertson
Robert,Baldwin
Robin,Chapel
Rocket,Raccoon
Rocket,Raccoon
Rocket,Racer
Roland,Deschain
Roxanne,Simpson
Rumiko,Fujikawa
Salem's,Seven
Sally,Floyd
Santa,Claus
Scarlet,Spider
Scarlet,Spider
Scarlet,Witch
Scarlet,Witch
Scarlet,Witch
Scarlet,Witch
Sebastian,Shaw
Secret,Warriors
Senator,Kelly
Ser,Duncan
Serpent,Society
Shadow,King
Shadow,King
Shane,Yamada-Jones
Sharon,Carter
Sharon,Ventura
Sheva,Callister
Shinko,Yamashiro
Shinobi,Shaw
Shiver,Man
Shooting,Star
Silk,Fever
Silver,Centurion
Silver,Fox
Silver,Sable
Silver,Samurai
Silver,Samurai
Silver,Surfer
Sinister,Six
Sir,Ram
Sister,Grimm
Smiling,Tiger
Spacker,Dave
Speed,Demon
Spencer,Smythe
Squadron,Sinister
Squadron,Supreme
Squirrel,Girl
Stacy,X
Stacy,X
Star,Brand
Stark,Industries
Steel,Serpent
Stepford,Cuckoos
Stephen,Strange
Steve,Rogers
Stone,Men
Strong,Guy
Sue,Storm
Sugar,Man
Sunset,Bain
Supreme,Intelligence
Susan,Delgado
Tana,Nile
Ted,Forrester
Texas,Twister
Thaddeus,Ross
The,Anarchist
The,Call
The,Captain
The,Enforcers
The,Executioner
The,Fallen
The,Fury
The,Hand
The,Hood
The,Hunter
The,Initiative
The,Leader
The,Liberteens
The,Order
The,Phantom
The,Professor
The,Renegades
The,Santerians
The,Spike
The,Stranger
The,Twelve
The,Watchers
Thor,Girl
Thunderbolt,Ross
Tiger,Shark
Tippy,Toe
Titanium,Man
Toad,Men
Tomorrow,Man
Tony,Stark
Trish,Tilby
Two-Gun,Kid
Tyger,Tiger
Typhoid,Mary
U.S.,Agent
U-Go,Girl
Ultimate,Spider-Man
Union,Jack
Union,Jack
Union,Jack
Valeria,Richards
Vance,Astro
Victor,Mancha
Vin,Gonzales
Virginia,Dare
War,Machine
War,Machine
War,Machine
War,Machine
Weapon,Omega
Weapon,X
Wendell,Rand
Wendell,Vaughn
White,Queen
White,Tiger
White,Tiger
Wild,Child
Wild,Child
Wild,Pack
William,Stryker
Wilson,Fisk
Wind,Dancer
Winter,Soldier
Wolf,Cub
Wonder,Man
Wrecking,Crew
X-Factor,Investigations
Yellow,Claw
Young,Avengers
Young,X-Men